Slot,Glyph,Engine,Engines you can choose from
1,●○○○,virtual analog,2-op FM
2,●●○○,waveshaping,6-op FM A
3,●●●○,2-op FM,6-op FM B
4,●●●●,grain / formant,6-op FM C
5,○●●●,additive,additive
6,○○●●,wavetable,bass drum
7,○○○●,chords,chiptune
8,○●○○,speech,chords
9,○○●○,swarm,filtered noise
10,●○○●,filtered noise,grain / formant
11,○●●○,particle,hi-hat
12,●○●●,string,modal
13,●●○●,modal,particle
14,●○●○,bass drum,phase distortion
15,○●○●,snare drum,snare drum
16,○○○○,hi-hat,speech
17,◐◐◐◐,VA + VCF,string
18,○◐◐○,phase distortion,string machine
19,◐○○◐,wave terrain,swarm
20,○◐○◐,string machine,VA + VCF
21,◐○◐○,chiptune,virtual analog
22,○◐◐◐,,wave terrain
23,○○○◐,,waveshaping
24,○◐○○,,wavetable
